timestamp,open,high,low,close,volume
2025-04-01 15:10:00,1.08026,1.0806,1.08026,1.08055,0.0
2025-04-01 15:11:00,1.08056,1.08073,1.08055,1.08071,0.0
2025-04-01 15:12:00,1.08071,1.08074,1.08043,1.08056,0.0
2025-04-01 15:13:00,1.08056,1.08091,1.08056,1.08087,0.0
2025-04-01 15:14:00,1.08089,1.08097,1.08069,1.08074,0.0
2025-04-01 15:15:00,1.08072,1.08096,1.08066,1.08092,0.0
2025-04-01 15:16:00,1.08092,1.08092,1.08071,1.08084,0.0
2025-04-01 15:17:00,1.08084,1.08084,1.08066,1.08078,0.0
2025-04-01 15:18:00,1.0808,1.08095,1.0806,1.08067,0.0
2025-04-01 15:19:00,1.08067,1.08068,1.08053,1.08063,0.0
2025-04-01 15:20:00,1.08063,1.08066,1.08038,1.08046,0.0
2025-04-01 15:21:00,1.08046,1.08065,1.08045,1.08045,0.0
2025-04-01 15:22:00,1.08045,1.08062,1.08043,1.08059,0.0
2025-04-01 15:23:00,1.08058,1.08075,1.08055,1.08064,0.0
2025-04-01 15:24:00,1.08063,1.08078,1.08063,1.08065,0.0
2025-04-01 15:25:00,1.08065,1.08071,1.08063,1.08071,0.0
2025-04-01 15:26:00,1.08071,1.08084,1.08068,1.08071,0.0
2025-04-01 15:27:00,1.08071,1.08078,1.08066,1.08066,0.0
2025-04-01 15:28:00,1.08066,1.08071,1.08059,1.08061,0.0
2025-04-01 15:29:00,1.08061,1.08076,1.08057,1.08076,0.0
2025-04-01 15:30:00,1.08076,1.08081,1.08068,1.08076,0.0
2025-04-01 15:31:00,1.08075,1.08077,1.08061,1.08076,0.0
2025-04-01 15:32:00,1.08076,1.08086,1.08053,1.08053,0.0
2025-04-01 15:33:00,1.08054,1.08055,1.08026,1.08027,0.0
2025-04-01 15:34:00,1.08027,1.08034,1.08012,1.08012,0.0
2025-04-01 15:35:00,1.08012,1.0803,1.08005,1.0803,0.0
2025-04-01 15:36:00,1.0803,1.08036,1.08025,1.08029,0.0
2025-04-01 15:37:00,1.08029,1.08055,1.08028,1.08046,0.0
2025-04-01 15:38:00,1.08046,1.08076,1.08046,1.08069,0.0
2025-04-01 15:39:00,1.08069,1.08072,1.08052,1.0806,0.0
2025-04-01 15:40:00,1.08061,1.08061,1.08009,1.08009,0.0
2025-04-01 15:41:00,1.08007,1.08007,1.0799,1.08,0.0
2025-04-01 15:42:00,1.08,1.08029,1.08,1.08006,0.0
2025-04-01 15:43:00,1.08006,1.08018,1.08002,1.08011,0.0
2025-04-01 15:44:00,1.08011,1.0802,1.08001,1.08008,0.0
2025-04-01 15:45:00,1.08009,1.08031,1.08005,1.08031,0.0
2025-04-01 15:46:00,1.08031,1.08032,1.08017,1.08031,0.0
2025-04-01 15:47:00,1.08031,1.08052,1.08031,1.08043,0.0
2025-04-01 15:48:00,1.08043,1.08043,1.08018,1.08024,0.0
2025-04-01 15:49:00,1.08025,1.08032,1.08019,1.08026,0.0
2025-04-01 15:50:00,1.08026,1.08027,1.08003,1.08004,0.0
2025-04-01 15:51:00,1.08004,1.08012,1.07994,1.08006,0.0
2025-04-01 15:52:00,1.08006,1.08017,1.08004,1.08008,0.0
2025-04-01 15:53:00,1.0801,1.08011,1.07994,1.07999,0.0
2025-04-01 15:54:00,1.07998,1.0801,1.07988,1.08009,0.0
2025-04-01 15:55:00,1.0801,1.0805,1.0801,1.08046,0.0
2025-04-01 15:56:00,1.08047,1.08048,1.08037,1.08044,0.0
2025-04-01 15:57:00,1.08046,1.08046,1.08027,1.08029,0.0
2025-04-01 15:58:00,1.08029,1.0803,1.08007,1.08007,0.0
2025-04-01 15:59:00,1.08005,1.08008,1.07995,1.07995,0.0
2025-04-01 16:00:00,1.07995,1.07998,1.07974,1.07974,0.0
2025-04-01 16:01:00,1.07974,1.08003,1.07968,1.08002,0.0
2025-04-01 16:02:00,1.08002,1.08021,1.08002,1.0802,0.0
2025-04-01 16:03:00,1.0802,1.08022,1.08007,1.08017,0.0
2025-04-01 16:04:00,1.08017,1.08025,1.08009,1.08009,0.0
2025-04-01 16:05:00,1.08008,1.08014,1.07992,1.07992,0.0
2025-04-01 16:06:00,1.07992,1.08021,1.07992,1.08021,0.0
2025-04-01 16:07:00,1.08021,1.08022,1.08011,1.0802,0.0
2025-04-01 16:08:00,1.08024,1.08032,1.08017,1.08017,0.0
2025-04-01 16:09:00,1.08017,1.08027,1.08002,1.08008,0.0
2025-04-01 16:10:00,1.08008,1.08009,1.07967,1.07967,0.0
2025-04-01 16:11:00,1.07967,1.07971,1.07958,1.07962,0.0
2025-04-01 16:12:00,1.07962,1.07973,1.07951,1.07972,0.0
2025-04-01 16:13:00,1.07978,1.07989,1.07968,1.07971,0.0
2025-04-01 16:14:00,1.07973,1.07977,1.07954,1.07964,0.0
2025-04-01 16:15:00,1.07964,1.07977,1.07961,1.07977,0.0
2025-04-01 16:16:00,1.07977,1.07979,1.07964,1.07967,0.0
2025-04-01 16:17:00,1.0797,1.07976,1.07942,1.07944,0.0
2025-04-01 16:18:00,1.07944,1.07952,1.07936,1.07951,0.0
2025-04-01 16:19:00,1.07952,1.07957,1.0794,1.0794,0.0
2025-04-01 16:20:00,1.07943,1.07956,1.07927,1.07954,0.0
2025-04-01 16:21:00,1.07954,1.07975,1.07954,1.07975,0.0
2025-04-01 16:22:00,1.0798,1.07983,1.07973,1.07975,0.0
2025-04-01 16:23:00,1.07975,1.07978,1.07958,1.07958,0.0
2025-04-01 16:24:00,1.07957,1.07985,1.07954,1.07985,0.0
2025-04-01 16:25:00,1.07985,1.08003,1.07982,1.08002,0.0
2025-04-01 16:26:00,1.08002,1.08003,1.07992,1.07994,0.0
2025-04-01 16:27:00,1.07994,1.08,1.07988,1.07989,0.0
2025-04-01 16:28:00,1.07991,1.08,1.07991,1.07994,0.0
2025-04-01 16:29:00,1.07995,1.08001,1.07989,1.07996,0.0
2025-04-01 16:30:00,1.07995,1.08014,1.07982,1.07983,0.0
2025-04-01 16:31:00,1.07983,1.07988,1.07962,1.07968,0.0
2025-04-01 16:32:00,1.07966,1.07979,1.07961,1.07979,0.0
2025-04-01 16:33:00,1.07979,1.07989,1.07979,1.07984,0.0
2025-04-01 16:34:00,1.07989,1.07997,1.07984,1.07992,0.0
2025-04-01 16:35:00,1.07992,1.07997,1.07978,1.07979,0.0
2025-04-01 16:36:00,1.07979,1.07993,1.07977,1.07989,0.0
2025-04-01 16:37:00,1.07992,1.07995,1.07979,1.07987,0.0
2025-04-01 16:38:00,1.07987,1.07997,1.07986,1.07995,0.0
2025-04-01 16:39:00,1.07995,1.08005,1.07995,1.08004,0.0
2025-04-01 16:40:00,1.08002,1.08007,1.07993,1.08003,0.0
2025-04-01 16:41:00,1.08003,1.08008,1.07996,1.08008,0.0
2025-04-01 16:42:00,1.08008,1.08017,1.08007,1.08013,0.0
2025-04-01 16:43:00,1.08013,1.08014,1.07995,1.07999,0.0
2025-04-01 16:44:00,1.07999,1.07999,1.07965,1.07965,0.0
2025-04-01 16:45:00,1.07966,1.07982,1.07963,1.07982,0.0
2025-04-01 16:46:00,1.07984,1.07988,1.07976,1.07978,0.0
2025-04-01 16:47:00,1.07978,1.07978,1.07939,1.07954,0.0
2025-04-01 16:48:00,1.07954,1.07958,1.07946,1.07951,0.0
2025-04-01 16:49:00,1.07951,1.07957,1.07938,1.07938,0.0
2025-04-01 16:50:00,1.07938,1.07944,1.07932,1.07939,0.0
2025-04-01 16:51:00,1.07937,1.07964,1.07935,1.07955,0.0
2025-04-01 16:52:00,1.07951,1.07962,1.07948,1.07962,0.0
2025-04-01 16:53:00,1.07962,1.07981,1.07961,1.07981,0.0
2025-04-01 16:54:00,1.07981,1.07986,1.07974,1.07981,0.0
2025-04-01 16:55:00,1.07982,1.07998,1.07979,1.07995,0.0
2025-04-01 16:56:00,1.07995,1.08013,1.07994,1.08005,0.0
2025-04-01 16:57:00,1.08005,1.08005,1.07998,1.07999,0.0
2025-04-01 16:58:00,1.07999,1.08015,1.07998,1.08002,0.0
2025-04-01 16:59:00,1.08002,1.08003,1.07993,1.07998,0.0
2025-04-01 17:00:00,1.07998,1.08012,1.07987,1.08012,0.0
2025-04-01 17:01:00,1.08012,1.08028,1.08012,1.08028,0.0
2025-04-01 17:02:00,1.08027,1.08034,1.08017,1.08019,0.0
2025-04-01 17:03:00,1.08019,1.08026,1.08016,1.08016,0.0
2025-04-01 17:04:00,1.08016,1.08032,1.08016,1.08031,0.0
2025-04-01 17:05:00,1.08032,1.08045,1.08026,1.08045,0.0
2025-04-01 17:06:00,1.08045,1.08048,1.08031,1.08032,0.0
2025-04-01 17:07:00,1.08032,1.08037,1.08012,1.08012,0.0
2025-04-01 17:08:00,1.08012,1.08021,1.0801,1.08018,0.0
2025-04-01 17:09:00,1.08022,1.08027,1.08021,1.08026,0.0
2025-04-01 17:10:00,1.08026,1.0803,1.08015,1.08016,0.0
2025-04-01 17:11:00,1.08016,1.08024,1.08016,1.08022,0.0
2025-04-01 17:12:00,1.08014,1.08014,1.07996,1.07997,0.0
2025-04-01 17:13:00,1.07997,1.08002,1.07991,1.07992,0.0
2025-04-01 17:14:00,1.07992,1.08007,1.07992,1.08003,0.0
2025-04-01 17:15:00,1.07999,1.08002,1.07986,1.07996,0.0
2025-04-01 17:16:00,1.07996,1.07997,1.07987,1.07996,0.0
2025-04-01 17:17:00,1.07996,1.08005,1.07991,1.07991,0.0
2025-04-01 17:18:00,1.07991,1.07992,1.07981,1.07983,0.0
2025-04-01 17:19:00,1.07983,1.07986,1.07976,1.07981,0.0
2025-04-01 17:20:00,1.07981,1.07987,1.07978,1.07986,0.0
2025-04-01 17:21:00,1.07986,1.07986,1.07963,1.07967,0.0
2025-04-01 17:22:00,1.07966,1.07972,1.07963,1.07966,0.0
2025-04-01 17:23:00,1.07966,1.07976,1.07962,1.07976,0.0
2025-04-01 17:24:00,1.07976,1.07992,1.07976,1.07987,0.0
2025-04-01 17:25:00,1.07987,1.07991,1.07976,1.07978,0.0
2025-04-01 17:26:00,1.07979,1.07981,1.07975,1.07981,0.0
2025-04-01 17:27:00,1.07981,1.07981,1.07969,1.07971,0.0
2025-04-01 17:28:00,1.07971,1.07971,1.07961,1.07961,0.0
2025-04-01 17:29:00,1.07961,1.07962,1.07941,1.07941,0.0
2025-04-01 17:30:00,1.07941,1.07947,1.07938,1.07946,0.0
2025-04-01 17:31:00,1.07943,1.07943,1.07932,1.07932,0.0
2025-04-01 17:32:00,1.07932,1.07942,1.07932,1.07942,0.0
2025-04-01 17:33:00,1.07942,1.07943,1.07931,1.07937,0.0
2025-04-01 17:34:00,1.07941,1.07942,1.07934,1.07936,0.0
2025-04-01 17:35:00,1.07936,1.07952,1.07935,1.07944,0.0
2025-04-01 17:36:00,1.07943,1.07945,1.07937,1.07943,0.0
2025-04-01 17:37:00,1.07942,1.07942,1.07932,1.07938,0.0
2025-04-01 17:38:00,1.07939,1.07953,1.07937,1.07953,0.0
2025-04-01 17:39:00,1.07954,1.07956,1.07949,1.07952,0.0
2025-04-01 17:40:00,1.07952,1.07961,1.07952,1.07953,0.0
2025-04-01 17:41:00,1.07954,1.07954,1.07947,1.07951,0.0
2025-04-01 17:42:00,1.07951,1.07958,1.07947,1.07947,0.0
2025-04-01 17:43:00,1.07948,1.07952,1.07947,1.07951,0.0
2025-04-01 17:44:00,1.07951,1.07952,1.07921,1.07924,0.0
2025-04-01 17:45:00,1.07926,1.0794,1.07924,1.0794,0.0
2025-04-01 17:46:00,1.07941,1.07943,1.07939,1.07941,0.0
2025-04-01 17:47:00,1.07941,1.07953,1.07941,1.07953,0.0
2025-04-01 17:48:00,1.07953,1.07956,1.07948,1.07951,0.0
2025-04-01 17:49:00,1.07951,1.07951,1.07946,1.07951,0.0
2025-04-01 17:50:00,1.07951,1.07953,1.07946,1.07946,0.0
2025-04-01 17:51:00,1.07946,1.07948,1.07927,1.07929,0.0
2025-04-01 17:52:00,1.07929,1.07929,1.07925,1.07926,0.0
2025-04-01 17:53:00,1.07927,1.07937,1.07926,1.07932,0.0
2025-04-01 17:54:00,1.07932,1.07933,1.07923,1.07923,0.0
2025-04-01 17:55:00,1.07922,1.07927,1.07921,1.07922,0.0
2025-04-01 17:56:00,1.07921,1.07928,1.07921,1.07922,0.0
2025-04-01 17:57:00,1.07922,1.07927,1.07914,1.07914,0.0
2025-04-01 17:58:00,1.07914,1.07921,1.07913,1.0792,0.0
2025-04-01 17:59:00,1.0792,1.07931,1.07917,1.0793,0.0
2025-04-01 18:00:00,1.0793,1.07932,1.07921,1.07925,0.0
2025-04-01 18:01:00,1.07925,1.07935,1.07925,1.07931,0.0
2025-04-01 18:02:00,1.0793,1.07932,1.0792,1.07931,0.0
2025-04-01 18:03:00,1.07932,1.07936,1.07929,1.07931,0.0
2025-04-01 18:04:00,1.07932,1.07936,1.07925,1.07928,0.0
2025-04-01 18:05:00,1.07928,1.07936,1.07928,1.07936,0.0
2025-04-01 18:06:00,1.07936,1.07936,1.07924,1.07926,0.0
2025-04-01 18:07:00,1.07926,1.07926,1.07906,1.07908,0.0
2025-04-01 18:08:00,1.07909,1.07924,1.07909,1.07921,0.0
2025-04-01 18:09:00,1.07921,1.07921,1.0791,1.07913,0.0
2025-04-01 18:10:00,1.07919,1.07933,1.07915,1.07931,0.0
2025-04-01 18:11:00,1.07931,1.07939,1.07926,1.07938,0.0
2025-04-01 18:12:00,1.07939,1.07949,1.07936,1.07941,0.0
2025-04-01 18:13:00,1.07941,1.07946,1.07936,1.07943,0.0
2025-04-01 18:14:00,1.07943,1.07944,1.07927,1.0793,0.0
2025-04-01 18:15:00,1.07929,1.07931,1.07925,1.07931,0.0
2025-04-01 18:16:00,1.0793,1.0793,1.07913,1.07915,0.0
2025-04-01 18:17:00,1.07915,1.07916,1.07901,1.0791,0.0
2025-04-01 18:18:00,1.07911,1.07919,1.07908,1.07916,0.0
2025-04-01 18:19:00,1.07918,1.07919,1.07905,1.07905,0.0
2025-04-01 18:20:00,1.07905,1.07917,1.07905,1.07915,0.0
2025-04-01 18:21:00,1.07915,1.07917,1.07911,1.07911,0.0
2025-04-01 18:22:00,1.07911,1.07917,1.07909,1.0791,0.0
2025-04-01 18:23:00,1.0791,1.07911,1.07902,1.07905,0.0
2025-04-01 18:24:00,1.07905,1.0791,1.07903,1.07906,0.0
2025-04-01 18:25:00,1.07906,1.07907,1.07902,1.07902,0.0
2025-04-01 18:26:00,1.07902,1.07916,1.07902,1.07914,0.0
2025-04-01 18:27:00,1.07914,1.0792,1.07912,1.07912,0.0
2025-04-01 18:28:00,1.07913,1.07913,1.07906,1.07906,0.0
2025-04-01 18:29:00,1.07906,1.07909,1.07904,1.07906,0.0
2025-04-01 18:30:00,1.07906,1.07931,1.07906,1.07929,0.0
2025-04-01 18:31:00,1.07931,1.07937,1.07923,1.07923,0.0
2025-04-01 18:32:00,1.07924,1.07931,1.0792,1.07928,0.0
2025-04-01 18:33:00,1.07928,1.07932,1.07921,1.07927,0.0
2025-04-01 18:34:00,1.07927,1.07927,1.07907,1.07907,0.0
2025-04-01 18:35:00,1.07908,1.0791,1.07899,1.079,0.0
2025-04-01 18:36:00,1.079,1.07906,1.079,1.07903,0.0
2025-04-01 18:37:00,1.07902,1.07908,1.07897,1.07908,0.0
2025-04-01 18:38:00,1.07908,1.07908,1.07891,1.07892,0.0
2025-04-01 18:39:00,1.07891,1.07891,1.07875,1.07879,0.0
2025-04-01 18:40:00,1.07879,1.07887,1.07877,1.07887,0.0
2025-04-01 18:41:00,1.07887,1.07896,1.07885,1.07896,0.0
2025-04-01 18:42:00,1.07896,1.07904,1.07887,1.07895,0.0
2025-04-01 18:43:00,1.07895,1.07898,1.07892,1.07893,0.0
2025-04-01 18:44:00,1.07893,1.07903,1.07892,1.07903,0.0
2025-04-01 18:45:00,1.07904,1.07905,1.07898,1.07905,0.0
2025-04-01 18:46:00,1.07905,1.07905,1.07892,1.07893,0.0
2025-04-01 18:47:00,1.07892,1.07892,1.07882,1.07883,0.0
2025-04-01 18:48:00,1.07883,1.07889,1.07883,1.07886,0.0
2025-04-01 18:49:00,1.07886,1.07886,1.07875,1.07877,0.0
2025-04-01 18:50:00,1.07876,1.0788,1.07872,1.07873,0.0
2025-04-01 18:51:00,1.07872,1.07876,1.07869,1.07876,0.0
2025-04-01 18:52:00,1.07876,1.07887,1.07876,1.07886,0.0
2025-04-01 18:53:00,1.07886,1.07894,1.07886,1.07892,0.0
2025-04-01 18:54:00,1.07894,1.07894,1.07885,1.07891,0.0
2025-04-01 18:55:00,1.07889,1.07892,1.07885,1.07888,0.0
2025-04-01 18:56:00,1.07888,1.0789,1.07868,1.07869,0.0
2025-04-01 18:57:00,1.07869,1.07869,1.07859,1.07859,0.0
2025-04-01 18:58:00,1.07859,1.07863,1.07854,1.07862,0.0
2025-04-01 18:59:00,1.07867,1.07871,1.07863,1.07871,0.0
2025-04-01 19:00:00,1.07872,1.07873,1.07858,1.07863,0.0
2025-04-01 19:01:00,1.07862,1.07884,1.07856,1.07883,0.0
2025-04-01 19:02:00,1.07885,1.07885,1.07877,1.07878,0.0
2025-04-01 19:03:00,1.07881,1.07893,1.07878,1.07893,0.0
2025-04-01 19:04:00,1.07893,1.07898,1.07891,1.07892,0.0
2025-04-01 19:05:00,1.07892,1.07893,1.07884,1.07893,0.0
2025-04-01 19:06:00,1.07893,1.07899,1.07885,1.07886,0.0
2025-04-01 19:07:00,1.07887,1.07895,1.07887,1.07893,0.0
2025-04-01 19:08:00,1.07893,1.07898,1.07885,1.07893,0.0
2025-04-01 19:09:00,1.07892,1.07897,1.07884,1.07885,0.0
2025-04-01 19:10:00,1.07882,1.07889,1.07882,1.07889,0.0
2025-04-01 19:11:00,1.07889,1.0789,1.07886,1.0789,0.0
2025-04-01 19:12:00,1.07889,1.07892,1.07887,1.07891,0.0
2025-04-01 19:13:00,1.07891,1.07891,1.07884,1.07887,0.0
2025-04-01 19:14:00,1.07888,1.07897,1.07888,1.07892,0.0
2025-04-01 19:15:00,1.07891,1.07891,1.07881,1.0789,0.0
2025-04-01 19:16:00,1.07889,1.07898,1.07887,1.07894,0.0
2025-04-01 19:17:00,1.07893,1.07908,1.07891,1.07908,0.0
2025-04-01 19:18:00,1.07908,1.07909,1.07894,1.07894,0.0
2025-04-01 19:19:00,1.07894,1.07896,1.07892,1.07892,0.0
2025-04-01 19:20:00,1.07892,1.07892,1.07884,1.07885,0.0
2025-04-01 19:21:00,1.07884,1.07897,1.07884,1.07896,0.0
2025-04-01 19:22:00,1.07896,1.07897,1.07887,1.07888,0.0
2025-04-01 19:23:00,1.07888,1.07888,1.07881,1.07885,0.0
2025-04-01 19:24:00,1.07885,1.07885,1.07878,1.0788,0.0
2025-04-01 19:25:00,1.07877,1.07888,1.07877,1.07887,0.0
2025-04-01 19:26:00,1.07887,1.07887,1.07881,1.07883,0.0
2025-04-01 19:27:00,1.07883,1.07885,1.07878,1.07878,0.0
2025-04-01 19:28:00,1.07878,1.07883,1.07877,1.07882,0.0
2025-04-01 19:29:00,1.07882,1.07898,1.07881,1.07895,0.0
2025-04-01 19:30:00,1.07895,1.07895,1.07872,1.07872,0.0
2025-04-01 19:31:00,1.07872,1.07878,1.07872,1.07878,0.0
2025-04-01 19:32:00,1.07877,1.0788,1.07873,1.07874,0.0
2025-04-01 19:33:00,1.07873,1.07879,1.07873,1.07877,0.0
2025-04-01 19:34:00,1.07877,1.07883,1.07877,1.07882,0.0
2025-04-01 19:35:00,1.07882,1.07887,1.07882,1.07885,0.0
2025-04-01 19:36:00,1.07885,1.07885,1.07863,1.07867,0.0
2025-04-01 19:37:00,1.07867,1.07869,1.07862,1.07862,0.0
2025-04-01 19:38:00,1.07862,1.07862,1.07855,1.07862,0.0
2025-04-01 19:39:00,1.07862,1.07868,1.07861,1.07867,0.0
2025-04-01 19:40:00,1.07867,1.07875,1.07861,1.07875,0.0
2025-04-01 19:41:00,1.07876,1.07877,1.07872,1.07873,0.0
2025-04-01 19:42:00,1.07873,1.07878,1.07872,1.07878,0.0
2025-04-01 19:43:00,1.07878,1.07878,1.07867,1.07868,0.0
2025-04-01 19:44:00,1.07868,1.0787,1.07863,1.07863,0.0
2025-04-01 19:45:00,1.07863,1.07863,1.0786,1.07862,0.0
2025-04-01 19:46:00,1.07862,1.07862,1.07857,1.07862,0.0
2025-04-01 19:47:00,1.07863,1.07864,1.07861,1.07861,0.0
2025-04-01 19:48:00,1.07859,1.07864,1.07856,1.07861,0.0
2025-04-01 19:49:00,1.07861,1.07867,1.07861,1.07863,0.0
2025-04-01 19:50:00,1.07863,1.07872,1.07863,1.07869,0.0
2025-04-01 19:51:00,1.07869,1.0788,1.07869,1.07879,0.0
2025-04-01 19:52:00,1.07879,1.07882,1.07878,1.07882,0.0
2025-04-01 19:53:00,1.07882,1.07883,1.07873,1.07883,0.0
2025-04-01 19:54:00,1.07883,1.07889,1.07878,1.07888,0.0
2025-04-01 19:55:00,1.07888,1.07888,1.07882,1.07882,0.0
2025-04-01 19:56:00,1.07882,1.07882,1.07874,1.07876,0.0
2025-04-01 19:57:00,1.07876,1.07887,1.07876,1.07885,0.0
2025-04-01 19:58:00,1.07884,1.07887,1.07884,1.07886,0.0
2025-04-01 19:59:00,1.07886,1.07886,1.07886,1.07886,0.0
2025-04-01 20:00:00,1.07893,1.07901,1.07891,1.07901,0.0
2025-04-01 20:01:00,1.079,1.07901,1.07895,1.07895,0.0
2025-04-01 20:02:00,1.07896,1.07896,1.07895,1.07895,0.0
2025-04-01 20:03:00,1.07892,1.07893,1.0789,1.07891,0.0
2025-04-01 20:04:00,1.07892,1.07897,1.07892,1.07897,0.0
2025-04-01 20:05:00,1.07897,1.07898,1.0789,1.07891,0.0
2025-04-01 20:06:00,1.07891,1.07892,1.07887,1.07891,0.0
2025-04-01 20:07:00,1.07891,1.07902,1.07891,1.07901,0.0
2025-04-01 20:08:00,1.07902,1.07911,1.07901,1.07909,0.0
2025-04-01 20:09:00,1.07909,1.07917,1.07909,1.07917,0.0
2025-04-01 20:10:00,1.07916,1.07919,1.07915,1.07915,0.0
2025-04-01 20:11:00,1.07915,1.07915,1.07913,1.07914,0.0
2025-04-01 20:12:00,1.07914,1.07916,1.07913,1.07913,0.0
2025-04-01 20:13:00,1.07912,1.07913,1.07908,1.07909,0.0
2025-04-01 20:14:00,1.07909,1.07911,1.07907,1.07911,0.0
2025-04-01 20:15:00,1.07911,1.07914,1.07909,1.07909,0.0
2025-04-01 20:16:00,1.07909,1.07911,1.07899,1.07901,0.0
2025-04-01 20:17:00,1.07902,1.07904,1.07901,1.07904,0.0
2025-04-01 20:18:00,1.07904,1.07904,1.07903,1.07904,0.0
2025-04-01 20:19:00,1.07904,1.07905,1.079,1.07901,0.0
2025-04-01 20:20:00,1.07901,1.07902,1.07898,1.07898,0.0
2025-04-01 20:21:00,1.07898,1.07899,1.07898,1.07898,0.0
2025-04-01 20:22:00,1.07898,1.07903,1.07898,1.07902,0.0
2025-04-01 20:23:00,1.07901,1.07903,1.079,1.07902,0.0
2025-04-01 20:24:00,1.07902,1.07904,1.079,1.07901,0.0
2025-04-01 20:25:00,1.079,1.07902,1.079,1.079,0.0
2025-04-01 20:26:00,1.07901,1.07902,1.07901,1.07902,0.0
2025-04-01 20:27:00,1.07902,1.07902,1.079,1.07902,0.0
2025-04-01 20:28:00,1.07902,1.07903,1.07901,1.07901,0.0
2025-04-01 20:29:00,1.07901,1.07903,1.07888,1.07893,0.0
2025-04-01 20:30:00,1.07893,1.07893,1.07891,1.07891,0.0
2025-04-01 20:31:00,1.07892,1.07893,1.07891,1.07891,0.0
2025-04-01 20:32:00,1.07891,1.07898,1.07891,1.07898,0.0
2025-04-01 20:33:00,1.07896,1.07898,1.07894,1.07898,0.0
2025-04-01 20:34:00,1.07898,1.079,1.07898,1.079,0.0
2025-04-01 20:35:00,1.079,1.07901,1.07899,1.079,0.0
2025-04-01 20:36:00,1.079,1.079,1.07896,1.07897,0.0
2025-04-01 20:37:00,1.07897,1.079,1.07897,1.07899,0.0
2025-04-01 20:38:00,1.07899,1.07904,1.07898,1.07904,0.0
2025-04-01 20:39:00,1.07904,1.07904,1.07901,1.07902,0.0
2025-04-01 20:40:00,1.07902,1.07903,1.07901,1.07902,0.0
2025-04-01 20:41:00,1.07902,1.07909,1.07901,1.07905,0.0
2025-04-01 20:42:00,1.07904,1.07905,1.07902,1.07902,0.0
2025-04-01 20:43:00,1.07902,1.07902,1.07888,1.07898,0.0
2025-04-01 20:44:00,1.07898,1.07901,1.07897,1.07897,0.0
2025-04-01 20:45:00,1.07897,1.07901,1.07889,1.07889,0.0
2025-04-01 20:46:00,1.07891,1.07917,1.07889,1.07912,0.0
2025-04-01 20:47:00,1.07912,1.0802,1.07912,1.07962,0.0
2025-04-01 20:48:00,1.07956,1.07956,1.07903,1.07931,0.0
2025-04-01 20:49:00,1.07932,1.07937,1.07915,1.0792,0.0
2025-04-01 20:50:00,1.07919,1.07922,1.07901,1.07922,0.0
2025-04-01 20:51:00,1.07921,1.07942,1.07921,1.07941,0.0
2025-04-01 20:52:00,1.07941,1.07941,1.07932,1.07932,0.0
2025-04-01 20:53:00,1.07931,1.07933,1.07926,1.07927,0.0
2025-04-01 20:54:00,1.07927,1.07953,1.07927,1.07953,0.0
2025-04-01 20:55:00,1.07953,1.07953,1.07926,1.07933,0.0
2025-04-01 20:56:00,1.07933,1.07933,1.07923,1.07923,0.0
2025-04-01 20:57:00,1.07921,1.07933,1.07921,1.07927,0.0
2025-04-01 20:58:00,1.07927,1.07928,1.07917,1.07924,0.0
2025-04-01 20:59:00,1.07924,1.07924,1.07913,1.07915,0.0
2025-04-01 21:00:00,1.07927,1.0793,1.07892,1.0791,0.0
2025-04-01 21:01:00,1.07911,1.07922,1.07906,1.07908,0.0
2025-04-01 21:02:00,1.0791,1.07922,1.07906,1.07918,0.0
2025-04-01 21:03:00,1.07913,1.0792,1.07908,1.07918,0.0
2025-04-01 21:04:00,1.07918,1.07924,1.07911,1.07918,0.0
2025-04-01 21:05:00,1.07918,1.07921,1.07908,1.07919,0.0
2025-04-01 21:06:00,1.07917,1.07921,1.07909,1.07916,0.0
2025-04-01 21:07:00,1.07915,1.07919,1.07913,1.07913,0.0
2025-04-01 21:08:00,1.07914,1.07916,1.07911,1.07913,0.0
2025-04-01 21:09:00,1.07913,1.07914,1.07911,1.07913,0.0
2025-04-01 21:10:00,1.07914,1.07916,1.07912,1.07914,0.0
2025-04-01 21:11:00,1.07915,1.07915,1.07912,1.07914,0.0
2025-04-01 21:12:00,1.07914,1.07915,1.07912,1.07915,0.0
2025-04-01 21:13:00,1.07915,1.07915,1.07913,1.07914,0.0
2025-04-01 21:14:00,1.07915,1.07917,1.07913,1.07916,0.0
2025-04-01 21:15:00,1.07916,1.07916,1.07913,1.07915,0.0
2025-04-01 21:16:00,1.07915,1.07917,1.07914,1.07917,0.0
2025-04-01 21:17:00,1.07916,1.07917,1.07915,1.07917,0.0
2025-04-01 21:18:00,1.07916,1.07918,1.07915,1.07916,0.0
2025-04-01 21:19:00,1.07916,1.07917,1.07915,1.07917,0.0
2025-04-01 21:20:00,1.07916,1.07918,1.07915,1.07918,0.0
2025-04-01 21:21:00,1.07917,1.0792,1.07917,1.07918,0.0
2025-04-01 21:22:00,1.07917,1.0792,1.07917,1.0792,0.0
2025-04-01 21:23:00,1.0792,1.07921,1.07919,1.0792,0.0
2025-04-01 21:24:00,1.0792,1.0792,1.07917,1.07919,0.0
2025-04-01 21:25:00,1.07918,1.0792,1.07913,1.07915,0.0
2025-04-01 21:26:00,1.07914,1.07917,1.07914,1.07915,0.0
2025-04-01 21:27:00,1.07915,1.07919,1.07913,1.07916,0.0
2025-04-01 21:28:00,1.07914,1.07916,1.07901,1.07902,0.0
2025-04-01 21:29:00,1.07902,1.07905,1.07901,1.07905,0.0
2025-04-01 21:30:00,1.07905,1.07905,1.07903,1.07903,0.0
2025-04-01 21:31:00,1.07903,1.07905,1.07901,1.07903,0.0
2025-04-01 21:32:00,1.07903,1.07903,1.07899,1.07901,0.0
2025-04-01 21:33:00,1.07901,1.07903,1.07894,1.07903,0.0
2025-04-01 21:34:00,1.07902,1.07905,1.07902,1.07904,0.0
2025-04-01 21:35:00,1.07904,1.07906,1.07904,1.07905,0.0
2025-04-01 21:36:00,1.07905,1.07907,1.07905,1.07906,0.0
2025-04-01 21:37:00,1.07907,1.07908,1.07905,1.07908,0.0
2025-04-01 21:38:00,1.07908,1.07908,1.07905,1.07908,0.0
2025-04-01 21:39:00,1.07908,1.07908,1.07906,1.07906,0.0
2025-04-01 21:40:00,1.07906,1.07907,1.07906,1.07906,0.0
2025-04-01 21:41:00,1.07906,1.07907,1.07905,1.07907,0.0
2025-04-01 21:42:00,1.07907,1.07935,1.07906,1.07934,0.0
2025-04-01 21:43:00,1.07935,1.07958,1.07935,1.07957,0.0
2025-04-01 21:44:00,1.07954,1.07957,1.0795,1.07952,0.0
2025-04-01 21:45:00,1.07952,1.07954,1.07951,1.07954,0.0
2025-04-01 21:46:00,1.07954,1.07955,1.07952,1.07954,0.0
2025-04-01 21:47:00,1.07955,1.07956,1.07944,1.07945,0.0
2025-04-01 21:48:00,1.07945,1.07946,1.07944,1.07946,0.0
2025-04-01 21:49:00,1.07945,1.07948,1.07945,1.07947,0.0
2025-04-01 21:50:00,1.07947,1.07947,1.07944,1.07947,0.0
2025-04-01 21:51:00,1.07947,1.07947,1.07944,1.07945,0.0
2025-04-01 21:52:00,1.07945,1.07946,1.07944,1.07944,0.0
2025-04-01 21:53:00,1.07944,1.07946,1.07944,1.07945,0.0
2025-04-01 21:54:00,1.07945,1.07946,1.07944,1.07944,0.0
2025-04-01 21:55:00,1.07944,1.07945,1.07943,1.07944,0.0
2025-04-01 21:56:00,1.07945,1.07946,1.07944,1.07945,0.0
2025-04-01 21:57:00,1.07945,1.07947,1.07944,1.07944,0.0
2025-04-01 21:58:00,1.07944,1.07945,1.07944,1.07945,0.0
2025-04-01 21:59:00,1.07945,1.07946,1.07943,1.07945,0.0
2025-04-01 22:00:00,1.07944,1.07948,1.07931,1.07943,0.0
2025-04-01 22:01:00,1.07944,1.07952,1.07944,1.0795,0.0
2025-04-01 22:02:00,1.0795,1.07954,1.07945,1.07945,0.0
2025-04-01 22:03:00,1.07945,1.07946,1.07942,1.07943,0.0
2025-04-01 22:04:00,1.07943,1.07951,1.07939,1.07949,0.0
2025-04-01 22:05:00,1.07948,1.07958,1.07948,1.07957,0.0
2025-04-01 22:06:00,1.07957,1.07966,1.07957,1.07964,0.0
2025-04-01 22:07:00,1.07963,1.07964,1.0796,1.0796,0.0
2025-04-01 22:08:00,1.0796,1.0796,1.07954,1.07955,0.0
2025-04-01 22:09:00,1.07955,1.07974,1.07955,1.07969,0.0
2025-04-01 22:10:00,1.07969,1.07989,1.07968,1.07984,0.0
2025-04-01 22:11:00,1.07984,1.0799,1.07957,1.07957,0.0
2025-04-01 22:12:00,1.07941,1.0795,1.07936,1.07949,0.0
2025-04-01 22:13:00,1.07949,1.07959,1.07947,1.07959,0.0
2025-04-01 22:14:00,1.07959,1.0796,1.07959,1.07959,0.0
2025-04-01 22:15:00,1.07959,1.07974,1.07959,1.0797,0.0
2025-04-01 22:16:00,1.0797,1.07976,1.0797,1.07974,0.0
2025-04-01 22:17:00,1.07974,1.07975,1.07968,1.07968,0.0
2025-04-01 22:18:00,1.07973,1.08019,1.07973,1.08007,0.0
2025-04-01 22:19:00,1.08012,1.08044,1.08012,1.08036,0.0
2025-04-01 22:20:00,1.08039,1.08044,1.08028,1.0804,0.0
2025-04-01 22:21:00,1.0804,1.08045,1.0802,1.08044,0.0
2025-04-01 22:22:00,1.08044,1.08057,1.08043,1.08047,0.0
2025-04-01 22:23:00,1.08047,1.08049,1.08043,1.08048,0.0
2025-04-01 22:24:00,1.08048,1.08053,1.08044,1.08047,0.0
2025-04-01 22:25:00,1.08046,1.08058,1.08046,1.08058,0.0
2025-04-01 22:26:00,1.08058,1.08078,1.08057,1.08075,0.0
2025-04-01 22:27:00,1.08074,1.08083,1.08071,1.08078,0.0
2025-04-01 22:28:00,1.08078,1.08078,1.08066,1.08067,0.0
2025-04-01 22:29:00,1.08068,1.08068,1.08065,1.08065,0.0
2025-04-01 22:30:00,1.08065,1.08072,1.0805,1.08052,0.0
2025-04-01 22:31:00,1.08052,1.08053,1.08042,1.08044,0.0
2025-04-01 22:32:00,1.08044,1.08044,1.08018,1.08018,0.0
2025-04-01 22:33:00,1.08018,1.08022,1.08017,1.0802,0.0
2025-04-01 22:34:00,1.0802,1.08029,1.0802,1.08029,0.0
2025-04-01 22:35:00,1.0803,1.08034,1.08026,1.0803,0.0
2025-04-01 22:36:00,1.08031,1.08031,1.08016,1.08017,0.0
2025-04-01 22:37:00,1.08017,1.0802,1.08015,1.08016,0.0
2025-04-01 22:38:00,1.08016,1.08016,1.0801,1.08015,0.0
2025-04-01 22:39:00,1.08015,1.0802,1.08015,1.0802,0.0
2025-04-01 22:40:00,1.0802,1.0802,1.08007,1.08008,0.0
2025-04-01 22:41:00,1.08007,1.08013,1.08003,1.08013,0.0
2025-04-01 22:42:00,1.08013,1.08017,1.08012,1.08012,0.0
2025-04-01 22:43:00,1.08013,1.08013,1.08009,1.08012,0.0
2025-04-01 22:44:00,1.08012,1.08012,1.08006,1.0801,0.0
2025-04-01 22:45:00,1.08009,1.08013,1.08009,1.08013,0.0
2025-04-01 22:46:00,1.08012,1.08017,1.08012,1.08012,0.0
2025-04-01 22:47:00,1.08012,1.08012,1.08012,1.08012,0.0
2025-04-01 22:48:00,1.08011,1.08018,1.0801,1.08015,0.0
2025-04-01 22:49:00,1.08015,1.08017,1.08013,1.08013,0.0
2025-04-01 22:50:00,1.08013,1.08013,1.08007,1.08009,0.0
2025-04-01 22:51:00,1.08009,1.08009,1.08003,1.08004,0.0
2025-04-01 22:52:00,1.08004,1.08004,1.08001,1.08002,0.0
2025-04-01 22:53:00,1.08002,1.08002,1.08,1.08,0.0
2025-04-01 22:54:00,1.08001,1.08001,1.07997,1.07999,0.0
2025-04-01 22:55:00,1.07999,1.08001,1.07991,1.07992,0.0
2025-04-01 22:56:00,1.07992,1.07992,1.07978,1.07979,0.0
2025-04-01 22:57:00,1.07979,1.07987,1.07979,1.07987,0.0
2025-04-01 22:58:00,1.07987,1.07989,1.07985,1.07985,0.0
2025-04-01 22:59:00,1.07985,1.07992,1.07985,1.07992,0.0
2025-04-01 23:00:00,1.07992,1.07999,1.07972,1.07975,0.0
2025-04-01 23:01:00,1.07975,1.07978,1.07975,1.07977,0.0
2025-04-01 23:02:00,1.07978,1.07978,1.07977,1.07978,0.0
2025-04-01 23:03:00,1.07978,1.07978,1.07971,1.07972,0.0
2025-04-01 23:04:00,1.07972,1.07977,1.0797,1.07972,0.0
2025-04-01 23:05:00,1.07972,1.07978,1.07971,1.07976,0.0
2025-04-01 23:06:00,1.07977,1.07978,1.07976,1.07977,0.0
2025-04-01 23:07:00,1.07977,1.07979,1.07974,1.07974,0.0
2025-04-01 23:08:00,1.07974,1.07976,1.07973,1.07973,0.0
2025-04-01 23:09:00,1.07973,1.0798,1.07972,1.0798,0.0
2025-04-01 23:10:00,1.0798,1.0798,1.07968,1.07968,0.0
2025-04-01 23:11:00,1.07967,1.07967,1.07962,1.07962,0.0
2025-04-01 23:12:00,1.07962,1.07967,1.07962,1.07967,0.0
2025-04-01 23:13:00,1.07967,1.07977,1.07963,1.07973,0.0
2025-04-01 23:14:00,1.07973,1.07976,1.07972,1.07976,0.0
2025-04-01 23:15:00,1.07977,1.07993,1.07972,1.07993,0.0
2025-04-01 23:16:00,1.07993,1.07998,1.07992,1.07992,0.0
2025-04-01 23:17:00,1.07992,1.07992,1.07987,1.07987,0.0
2025-04-01 23:18:00,1.07987,1.07988,1.07982,1.07987,0.0
2025-04-01 23:19:00,1.07987,1.07987,1.07982,1.07982,0.0
2025-04-01 23:20:00,1.07983,1.07984,1.07982,1.07983,0.0
2025-04-01 23:21:00,1.07983,1.07983,1.07982,1.07983,0.0
2025-04-01 23:22:00,1.07983,1.07983,1.07982,1.07982,0.0
2025-04-01 23:23:00,1.07982,1.0799,1.07982,1.07988,0.0
2025-04-01 23:24:00,1.07988,1.07991,1.07984,1.07987,0.0
2025-04-01 23:25:00,1.07987,1.07987,1.07978,1.07979,0.0
2025-04-01 23:26:00,1.07979,1.07983,1.07978,1.0798,0.0
2025-04-01 23:27:00,1.0798,1.07988,1.0798,1.07988,0.0
2025-04-01 23:28:00,1.07988,1.07989,1.07984,1.07988,0.0
2025-04-01 23:29:00,1.07988,1.07988,1.07987,1.07988,0.0
2025-04-01 23:30:00,1.07988,1.07995,1.07987,1.07994,0.0
2025-04-01 23:31:00,1.07994,1.07994,1.07992,1.07992,0.0
2025-04-01 23:32:00,1.07993,1.07993,1.0798,1.0798,0.0
2025-04-01 23:33:00,1.0798,1.07985,1.07979,1.07985,0.0
2025-04-01 23:34:00,1.07984,1.07984,1.07971,1.07974,0.0
2025-04-01 23:35:00,1.07974,1.07974,1.07962,1.07964,0.0
2025-04-01 23:36:00,1.07964,1.07969,1.07964,1.07968,0.0
2025-04-01 23:37:00,1.07967,1.07968,1.07962,1.07967,0.0
2025-04-01 23:38:00,1.07967,1.07969,1.07965,1.07968,0.0
2025-04-01 23:39:00,1.07968,1.07982,1.07968,1.07976,0.0
2025-04-01 23:40:00,1.07977,1.07978,1.07974,1.07978,0.0
2025-04-01 23:41:00,1.07977,1.07978,1.07972,1.07973,0.0
2025-04-01 23:42:00,1.07972,1.07972,1.07964,1.07965,0.0
2025-04-01 23:43:00,1.07965,1.07966,1.07958,1.07962,0.0
2025-04-01 23:44:00,1.07962,1.07965,1.07956,1.07961,0.0
2025-04-01 23:45:00,1.07962,1.07963,1.07957,1.07962,0.0
2025-04-01 23:46:00,1.07962,1.07962,1.07957,1.07958,0.0
2025-04-01 23:47:00,1.07958,1.07959,1.07957,1.07958,0.0
2025-04-01 23:48:00,1.07958,1.07959,1.07953,1.07958,0.0
2025-04-01 23:49:00,1.07958,1.07962,1.07958,1.07961,0.0
2025-04-01 23:50:00,1.07961,1.07974,1.07959,1.07973,0.0
2025-04-01 23:51:00,1.07973,1.07977,1.07972,1.07977,0.0
2025-04-01 23:52:00,1.07977,1.07978,1.07975,1.07978,0.0
2025-04-01 23:53:00,1.07978,1.0798,1.07968,1.07968,0.0
2025-04-01 23:54:00,1.07968,1.0797,1.0796,1.07963,0.0
2025-04-01 23:55:00,1.07963,1.07963,1.07953,1.07956,0.0
2025-04-01 23:56:00,1.07956,1.0796,1.07956,1.07959,0.0
2025-04-01 23:57:00,1.07959,1.0796,1.07953,1.07953,0.0
2025-04-01 23:58:00,1.07953,1.07955,1.07953,1.07953,0.0
2025-04-01 23:59:00,1.07954,1.07954,1.07943,1.07944,0.0
2025-04-02 00:00:00,1.07944,1.07951,1.07936,1.07937,0.0
2025-04-02 00:01:00,1.07934,1.07937,1.07897,1.07912,0.0
2025-04-02 00:02:00,1.07912,1.07929,1.07912,1.07919,0.0
2025-04-02 00:03:00,1.07919,1.07919,1.07912,1.07917,0.0
2025-04-02 00:04:00,1.07917,1.07917,1.07907,1.07917,0.0
2025-04-02 00:05:00,1.07914,1.07924,1.07912,1.07919,0.0
2025-04-02 00:06:00,1.07918,1.07918,1.07907,1.07907,0.0
2025-04-02 00:07:00,1.07907,1.07908,1.079,1.07901,0.0
2025-04-02 00:08:00,1.07902,1.07917,1.07901,1.07913,0.0
2025-04-02 00:09:00,1.07913,1.07914,1.07907,1.07911,0.0
2025-04-02 00:10:00,1.0791,1.0791,1.07897,1.07898,0.0
2025-04-02 00:11:00,1.07897,1.079,1.07894,1.07898,0.0
2025-04-02 00:12:00,1.07898,1.07903,1.07898,1.07902,0.0
2025-04-02 00:13:00,1.07898,1.07908,1.07894,1.07907,0.0
2025-04-02 00:14:00,1.07907,1.0791,1.07901,1.07901,0.0
2025-04-02 00:15:00,1.07901,1.07911,1.07891,1.07904,0.0
2025-04-02 00:16:00,1.07904,1.07917,1.07904,1.07917,0.0
2025-04-02 00:17:00,1.07916,1.07919,1.07914,1.07918,0.0
2025-04-02 00:18:00,1.07918,1.07927,1.07917,1.07923,0.0
2025-04-02 00:19:00,1.07924,1.07927,1.07917,1.07925,0.0
2025-04-02 00:20:00,1.07927,1.07932,1.07921,1.07922,0.0
2025-04-02 00:21:00,1.07922,1.07924,1.07909,1.07912,0.0
2025-04-02 00:22:00,1.07912,1.0792,1.07908,1.07917,0.0
2025-04-02 00:23:00,1.07917,1.07919,1.07908,1.07919,0.0
2025-04-02 00:24:00,1.0792,1.0792,1.07907,1.07907,0.0
2025-04-02 00:25:00,1.07907,1.07909,1.079,1.07903,0.0
2025-04-02 00:26:00,1.07903,1.07933,1.07903,1.07932,0.0
2025-04-02 00:27:00,1.07932,1.07939,1.07931,1.07934,0.0
2025-04-02 00:28:00,1.07932,1.07934,1.07924,1.07925,0.0
2025-04-02 00:29:00,1.07924,1.07927,1.0792,1.07921,0.0
2025-04-02 00:30:00,1.0792,1.07933,1.07919,1.0792,0.0
2025-04-02 00:31:00,1.0792,1.0792,1.07908,1.07918,0.0
2025-04-02 00:32:00,1.07917,1.07918,1.07916,1.07917,0.0
2025-04-02 00:33:00,1.07918,1.07943,1.07918,1.07943,0.0
2025-04-02 00:34:00,1.07942,1.07944,1.07937,1.07937,0.0
2025-04-02 00:35:00,1.07933,1.07935,1.07922,1.07922,0.0
2025-04-02 00:36:00,1.07922,1.07922,1.07913,1.07922,0.0
2025-04-02 00:37:00,1.07922,1.07926,1.07915,1.07918,0.0
2025-04-02 00:38:00,1.0792,1.0792,1.0791,1.0791,0.0
2025-04-02 00:39:00,1.07912,1.07917,1.07911,1.07912,0.0
2025-04-02 00:40:00,1.07911,1.07913,1.07905,1.07905,0.0
2025-04-02 00:41:00,1.07905,1.07912,1.07904,1.07908,0.0
2025-04-02 00:42:00,1.07908,1.07911,1.07904,1.07908,0.0
2025-04-02 00:43:00,1.07908,1.07914,1.07907,1.07912,0.0
2025-04-02 00:44:00,1.07912,1.07918,1.0791,1.0791,0.0
2025-04-02 00:45:00,1.0791,1.0791,1.07897,1.07899,0.0
2025-04-02 00:46:00,1.07898,1.07903,1.07891,1.07893,0.0
2025-04-02 00:47:00,1.07895,1.07911,1.07892,1.0791,0.0
2025-04-02 00:48:00,1.07909,1.07916,1.07907,1.07915,0.0
2025-04-02 00:49:00,1.07914,1.07922,1.07913,1.07918,0.0
2025-04-02 00:50:00,1.07919,1.07919,1.07907,1.0791,0.0
2025-04-02 00:51:00,1.07909,1.07918,1.07906,1.07917,0.0
2025-04-02 00:52:00,1.07917,1.07921,1.07913,1.07917,0.0
2025-04-02 00:53:00,1.07919,1.07931,1.07919,1.07924,0.0
2025-04-02 00:54:00,1.07923,1.07927,1.07923,1.07923,0.0
2025-04-02 00:55:00,1.07921,1.07923,1.07914,1.07919,0.0
2025-04-02 00:56:00,1.07919,1.0792,1.07912,1.07912,0.0
2025-04-02 00:57:00,1.07912,1.07912,1.07902,1.07902,0.0
2025-04-02 00:58:00,1.07901,1.07904,1.079,1.07903,0.0
2025-04-02 00:59:00,1.07903,1.07907,1.07903,1.07905,0.0
2025-04-02 01:00:00,1.07905,1.07913,1.07899,1.07899,0.0
2025-04-02 01:01:00,1.07899,1.07899,1.07891,1.07894,0.0
2025-04-02 01:02:00,1.07895,1.07895,1.07888,1.0789,0.0
2025-04-02 01:03:00,1.0789,1.07893,1.07881,1.07882,0.0
2025-04-02 01:04:00,1.07882,1.07898,1.07881,1.07897,0.0
2025-04-02 01:05:00,1.07897,1.07905,1.07889,1.07902,0.0
2025-04-02 01:06:00,1.07902,1.07912,1.07902,1.0791,0.0
2025-04-02 01:07:00,1.0791,1.07922,1.07907,1.0791,0.0
2025-04-02 01:08:00,1.0791,1.0791,1.07903,1.07907,0.0
2025-04-02 01:09:00,1.07907,1.07909,1.07907,1.07907,0.0
2025-04-02 01:10:00,1.07907,1.07908,1.07903,1.07903,0.0
2025-04-02 01:11:00,1.07903,1.07914,1.07903,1.07908,0.0
2025-04-02 01:12:00,1.07908,1.07908,1.07904,1.07904,0.0
2025-04-02 01:13:00,1.07904,1.07908,1.07902,1.07902,0.0
2025-04-02 01:14:00,1.07902,1.07903,1.07892,1.07893,0.0
2025-04-02 01:15:00,1.07893,1.07893,1.07886,1.07887,0.0
2025-04-02 01:16:00,1.07887,1.07893,1.07887,1.0789,0.0
2025-04-02 01:17:00,1.0789,1.07893,1.07883,1.0789,0.0
2025-04-02 01:18:00,1.0789,1.0789,1.07874,1.0788,0.0
2025-04-02 01:19:00,1.0788,1.07888,1.07878,1.07887,0.0
2025-04-02 01:20:00,1.07887,1.07888,1.07887,1.07887,0.0
2025-04-02 01:21:00,1.07887,1.07887,1.07881,1.07882,0.0
2025-04-02 01:22:00,1.07882,1.07882,1.07877,1.07878,0.0
2025-04-02 01:23:00,1.07878,1.07883,1.07877,1.07877,0.0
2025-04-02 01:24:00,1.07877,1.07888,1.07877,1.0788,0.0
2025-04-02 01:25:00,1.0788,1.07885,1.07878,1.07878,0.0
2025-04-02 01:26:00,1.07878,1.07883,1.07877,1.07883,0.0
2025-04-02 01:27:00,1.07883,1.07887,1.0788,1.07881,0.0
2025-04-02 01:28:00,1.07882,1.07891,1.07882,1.07888,0.0
2025-04-02 01:29:00,1.07888,1.07892,1.07888,1.0789,0.0
2025-04-02 01:30:00,1.0789,1.07893,1.07875,1.07884,0.0
2025-04-02 01:31:00,1.0788,1.0788,1.07874,1.07878,0.0
2025-04-02 01:32:00,1.07878,1.07879,1.07874,1.07877,0.0
2025-04-02 01:33:00,1.07875,1.07878,1.07872,1.07878,0.0
2025-04-02 01:34:00,1.07878,1.07894,1.07878,1.07889,0.0
2025-04-02 01:35:00,1.07889,1.07896,1.07888,1.07888,0.0
2025-04-02 01:36:00,1.07888,1.07904,1.07888,1.07902,0.0
2025-04-02 01:37:00,1.07899,1.07905,1.07898,1.07901,0.0
2025-04-02 01:38:00,1.07901,1.07907,1.079,1.07906,0.0
2025-04-02 01:39:00,1.07906,1.07906,1.07894,1.07894,0.0
2025-04-02 01:40:00,1.07893,1.079,1.07893,1.07895,0.0
2025-04-02 01:41:00,1.07894,1.07924,1.07894,1.07924,0.0
2025-04-02 01:42:00,1.07924,1.07933,1.07924,1.07929,0.0
2025-04-02 01:43:00,1.07929,1.07934,1.07918,1.07924,0.0
2025-04-02 01:44:00,1.07925,1.07926,1.07922,1.07923,0.0
2025-04-02 01:45:00,1.07923,1.0793,1.07923,1.07923,0.0
2025-04-02 01:46:00,1.07923,1.07923,1.07912,1.07912,0.0
2025-04-02 01:47:00,1.07912,1.07914,1.07904,1.07912,0.0
2025-04-02 01:48:00,1.07911,1.07923,1.07911,1.07919,0.0
2025-04-02 01:49:00,1.07919,1.07923,1.07918,1.0792,0.0
2025-04-02 01:50:00,1.0792,1.07929,1.0792,1.07923,0.0
2025-04-02 01:51:00,1.07924,1.07939,1.07923,1.07938,0.0
2025-04-02 01:52:00,1.07938,1.07938,1.07926,1.07926,0.0
2025-04-02 01:53:00,1.07927,1.07942,1.07927,1.07939,0.0
2025-04-02 01:54:00,1.07939,1.07944,1.07937,1.07944,0.0
2025-04-02 01:55:00,1.07944,1.07948,1.07944,1.07945,0.0
2025-04-02 01:56:00,1.07945,1.07945,1.0793,1.07941,0.0
2025-04-02 01:57:00,1.07941,1.07944,1.07937,1.07942,0.0
2025-04-02 01:58:00,1.07942,1.0795,1.07937,1.07942,0.0
2025-04-02 01:59:00,1.07943,1.07949,1.0794,1.07948,0.0
2025-04-02 02:00:00,1.07948,1.07956,1.07948,1.07954,0.0
2025-04-02 02:01:00,1.07957,1.07959,1.07954,1.07958,0.0
2025-04-02 02:02:00,1.07958,1.07968,1.07956,1.07956,0.0
2025-04-02 02:03:00,1.07956,1.07962,1.07954,1.07962,0.0
2025-04-02 02:04:00,1.07963,1.07963,1.07953,1.07956,0.0
2025-04-02 02:05:00,1.07956,1.07975,1.07955,1.07974,0.0
2025-04-02 02:06:00,1.07974,1.07974,1.07957,1.07959,0.0
2025-04-02 02:07:00,1.07959,1.07965,1.07959,1.07963,0.0
2025-04-02 02:08:00,1.07963,1.0797,1.07962,1.0797,0.0
2025-04-02 02:09:00,1.0797,1.07973,1.07966,1.07973,0.0
2025-04-02 02:10:00,1.07973,1.07973,1.07968,1.07973,0.0
2025-04-02 02:11:00,1.07973,1.07978,1.07973,1.07977,0.0
2025-04-02 02:12:00,1.07977,1.07983,1.07976,1.07979,0.0
2025-04-02 02:13:00,1.07979,1.07984,1.07979,1.07984,0.0
2025-04-02 02:14:00,1.07983,1.07983,1.07973,1.07977,0.0
2025-04-02 02:15:00,1.07977,1.07981,1.07974,1.07976,0.0
2025-04-02 02:16:00,1.07976,1.07978,1.07966,1.07966,0.0
2025-04-02 02:17:00,1.07966,1.07967,1.07955,1.07955,0.0
2025-04-02 02:18:00,1.07956,1.07965,1.07956,1.07963,0.0
2025-04-02 02:19:00,1.07961,1.07978,1.07961,1.07978,0.0
2025-04-02 02:20:00,1.07979,1.07989,1.07979,1.07984,0.0
2025-04-02 02:21:00,1.07985,1.07988,1.07982,1.07988,0.0
2025-04-02 02:22:00,1.07988,1.07988,1.07984,1.07988,0.0
2025-04-02 02:23:00,1.07988,1.07988,1.07977,1.07981,0.0
2025-04-02 02:24:00,1.07981,1.07988,1.07979,1.07987,0.0
2025-04-02 02:25:00,1.07987,1.07994,1.07987,1.07993,0.0
2025-04-02 02:26:00,1.07993,1.07993,1.07989,1.07991,0.0
2025-04-02 02:27:00,1.07991,1.07999,1.07989,1.07998,0.0
2025-04-02 02:28:00,1.07998,1.08006,1.07998,1.08003,0.0
2025-04-02 02:29:00,1.07997,1.07999,1.07994,1.07996,0.0
2025-04-02 02:30:00,1.07994,1.08013,1.07994,1.08013,0.0
2025-04-02 02:31:00,1.08013,1.08014,1.08011,1.08012,0.0
2025-04-02 02:32:00,1.08012,1.08019,1.08012,1.08018,0.0
2025-04-02 02:33:00,1.08018,1.08018,1.08004,1.08004,0.0
2025-04-02 02:34:00,1.08004,1.08004,1.07995,1.07996,0.0
2025-04-02 02:35:00,1.07996,1.07999,1.07987,1.07989,0.0
2025-04-02 02:36:00,1.07989,1.07989,1.07974,1.07975,0.0
2025-04-02 02:37:00,1.07975,1.07975,1.07968,1.07972,0.0
2025-04-02 02:38:00,1.07972,1.07977,1.07971,1.07976,0.0
2025-04-02 02:39:00,1.07977,1.07977,1.07963,1.07966,0.0
2025-04-02 02:40:00,1.07966,1.07978,1.07966,1.07977,0.0
2025-04-02 02:41:00,1.07979,1.07983,1.07972,1.07972,0.0
2025-04-02 02:42:00,1.07972,1.07977,1.07969,1.07972,0.0
2025-04-02 02:43:00,1.07971,1.07972,1.07969,1.07972,0.0
2025-04-02 02:44:00,1.07973,1.07973,1.07967,1.07968,0.0
2025-04-02 02:45:00,1.07967,1.07972,1.07965,1.07972,0.0
2025-04-02 02:46:00,1.07972,1.07973,1.0797,1.0797,0.0
2025-04-02 02:47:00,1.07969,1.0797,1.07963,1.07966,0.0
2025-04-02 02:48:00,1.07966,1.07967,1.07961,1.07966,0.0
2025-04-02 02:49:00,1.07966,1.07967,1.07943,1.07944,0.0
2025-04-02 02:50:00,1.07946,1.07958,1.07946,1.07958,0.0
2025-04-02 02:51:00,1.07958,1.07961,1.07952,1.07953,0.0
2025-04-02 02:52:00,1.07952,1.07968,1.07951,1.07966,0.0
2025-04-02 02:53:00,1.07967,1.07967,1.07963,1.07964,0.0
2025-04-02 02:54:00,1.07964,1.07967,1.07963,1.07964,0.0
2025-04-02 02:55:00,1.07963,1.07965,1.07952,1.07952,0.0
2025-04-02 02:56:00,1.07954,1.07954,1.07952,1.07952,0.0
2025-04-02 02:57:00,1.07952,1.07952,1.07946,1.07946,0.0
2025-04-02 02:58:00,1.07947,1.07949,1.07945,1.07947,0.0
2025-04-02 02:59:00,1.07946,1.07949,1.07944,1.07945,0.0
2025-04-02 03:00:00,1.07945,1.07948,1.07939,1.07939,0.0
2025-04-02 03:01:00,1.07939,1.07956,1.07939,1.07956,0.0
2025-04-02 03:02:00,1.07956,1.07979,1.07956,1.07979,0.0
2025-04-02 03:03:00,1.07981,1.0799,1.07981,1.07983,0.0
2025-04-02 03:04:00,1.07983,1.07989,1.0798,1.07989,0.0
2025-04-02 03:05:00,1.07989,1.07989,1.07977,1.07977,0.0
2025-04-02 03:06:00,1.07977,1.0798,1.07977,1.07977,0.0
2025-04-02 03:07:00,1.07977,1.07984,1.07977,1.07983,0.0
2025-04-02 03:08:00,1.07982,1.07986,1.07978,1.07979,0.0
2025-04-02 03:09:00,1.07981,1.07987,1.07981,1.07983,0.0
2025-04-02 03:10:00,1.07982,1.07987,1.07981,1.07987,0.0
2025-04-02 03:11:00,1.07987,1.07993,1.07987,1.07992,0.0
2025-04-02 03:12:00,1.07992,1.07993,1.07983,1.07986,0.0
2025-04-02 03:13:00,1.07986,1.07993,1.07983,1.07993,0.0
2025-04-02 03:14:00,1.07993,1.07994,1.07987,1.07992,0.0
2025-04-02 03:15:00,1.07992,1.07993,1.07987,1.0799,0.0
2025-04-02 03:16:00,1.0799,1.07991,1.07982,1.07982,0.0
2025-04-02 03:17:00,1.07983,1.07988,1.07983,1.07988,0.0
2025-04-02 03:18:00,1.07988,1.07993,1.07983,1.07992,0.0
2025-04-02 03:19:00,1.07992,1.07993,1.07992,1.07992,0.0
2025-04-02 03:20:00,1.07992,1.08,1.07991,1.07998,0.0
2025-04-02 03:21:00,1.07998,1.07999,1.07989,1.07989,0.0
2025-04-02 03:22:00,1.07988,1.07988,1.07982,1.07985,0.0
2025-04-02 03:23:00,1.07986,1.07987,1.07984,1.07986,0.0
2025-04-02 03:24:00,1.07986,1.07992,1.07986,1.07991,0.0
2025-04-02 03:25:00,1.07991,1.07998,1.07991,1.07993,0.0
2025-04-02 03:26:00,1.0799,1.07991,1.0798,1.0798,0.0
2025-04-02 03:27:00,1.07981,1.07982,1.07975,1.07975,0.0
2025-04-02 03:28:00,1.07975,1.07976,1.07971,1.07973,0.0
2025-04-02 03:29:00,1.07973,1.07982,1.07973,1.07981,0.0
2025-04-02 03:30:00,1.07981,1.07982,1.07977,1.07977,0.0
2025-04-02 03:31:00,1.07975,1.07978,1.07973,1.07978,0.0
2025-04-02 03:32:00,1.07979,1.07979,1.07977,1.07977,0.0
2025-04-02 03:33:00,1.07978,1.07978,1.07977,1.07977,0.0
2025-04-02 03:34:00,1.07977,1.07978,1.07976,1.07977,0.0
2025-04-02 03:35:00,1.07977,1.07978,1.07976,1.07978,0.0
2025-04-02 03:36:00,1.07978,1.07978,1.07978,1.07978,0.0
2025-04-02 03:37:00,1.07978,1.07983,1.07978,1.07983,0.0
2025-04-02 03:38:00,1.07982,1.07982,1.07967,1.07969,0.0
2025-04-02 03:39:00,1.07967,1.07968,1.07966,1.07967,0.0
2025-04-02 03:40:00,1.07967,1.07968,1.07963,1.07964,0.0
2025-04-02 03:41:00,1.07964,1.07967,1.07963,1.07966,0.0
2025-04-02 03:42:00,1.07967,1.07967,1.07962,1.07962,0.0
2025-04-02 03:43:00,1.07962,1.07963,1.07962,1.07963,0.0
2025-04-02 03:44:00,1.07963,1.07965,1.07958,1.0796,0.0
2025-04-02 03:45:00,1.0796,1.07961,1.07957,1.07961,0.0
2025-04-02 03:46:00,1.07961,1.07962,1.07957,1.07961,0.0
2025-04-02 03:47:00,1.07961,1.07964,1.07959,1.07963,0.0
2025-04-02 03:48:00,1.07963,1.07966,1.07962,1.07966,0.0
2025-04-02 03:49:00,1.07966,1.07966,1.07962,1.07963,0.0
2025-04-02 03:50:00,1.07963,1.07964,1.07961,1.07962,0.0
2025-04-02 03:51:00,1.07962,1.07966,1.07957,1.07965,0.0
2025-04-02 03:52:00,1.07966,1.07966,1.07957,1.07957,0.0
2025-04-02 03:53:00,1.07957,1.07963,1.07955,1.07962,0.0
2025-04-02 03:54:00,1.07962,1.07963,1.07959,1.07959,0.0
2025-04-02 03:55:00,1.07959,1.07961,1.07956,1.07956,0.0
2025-04-02 03:56:00,1.07957,1.07957,1.0795,1.07952,0.0
2025-04-02 03:57:00,1.07952,1.07956,1.07949,1.07949,0.0
2025-04-02 03:58:00,1.07949,1.07958,1.07949,1.07958,0.0
2025-04-02 03:59:00,1.07958,1.07959,1.07954,1.07959,0.0
2025-04-02 04:00:00,1.07959,1.07966,1.07953,1.07965,0.0
2025-04-02 04:01:00,1.07965,1.07966,1.07956,1.07958,0.0
2025-04-02 04:02:00,1.07958,1.07963,1.07957,1.07962,0.0
2025-04-02 04:03:00,1.07962,1.07963,1.07958,1.0796,0.0
2025-04-02 04:04:00,1.0796,1.07966,1.0796,1.07961,0.0
2025-04-02 04:05:00,1.0796,1.07968,1.07958,1.07963,0.0
2025-04-02 04:06:00,1.07964,1.07965,1.07961,1.07961,0.0
2025-04-02 04:07:00,1.07961,1.07961,1.07957,1.07957,0.0
2025-04-02 04:08:00,1.07957,1.07958,1.07957,1.07957,0.0
2025-04-02 04:09:00,1.07957,1.07958,1.07954,1.07955,0.0
2025-04-02 04:10:00,1.07955,1.07967,1.07946,1.07965,0.0
2025-04-02 04:11:00,1.07965,1.07965,1.07959,1.0796,0.0
2025-04-02 04:12:00,1.0796,1.07963,1.07959,1.07959,0.0
2025-04-02 04:13:00,1.07959,1.07963,1.07958,1.07958,0.0
2025-04-02 04:14:00,1.07958,1.07958,1.07948,1.07953,0.0
2025-04-02 04:15:00,1.07953,1.07965,1.07953,1.07963,0.0
2025-04-02 04:16:00,1.07963,1.07968,1.07963,1.07968,0.0
2025-04-02 04:17:00,1.07968,1.07968,1.07966,1.07966,0.0
2025-04-02 04:18:00,1.07967,1.07968,1.07966,1.07967,0.0
2025-04-02 04:19:00,1.07967,1.07968,1.07961,1.07968,0.0
2025-04-02 04:20:00,1.07968,1.07973,1.07968,1.07973,0.0
2025-04-02 04:21:00,1.07973,1.07975,1.0797,1.0797,0.0
2025-04-02 04:22:00,1.07971,1.07973,1.0797,1.07972,0.0
2025-04-02 04:23:00,1.07971,1.07973,1.07963,1.07963,0.0
2025-04-02 04:24:00,1.07963,1.07965,1.07961,1.07964,0.0
2025-04-02 04:25:00,1.07963,1.07964,1.07959,1.07959,0.0
2025-04-02 04:26:00,1.07959,1.0796,1.07958,1.07958,0.0
2025-04-02 04:27:00,1.07958,1.07958,1.07949,1.07951,0.0
2025-04-02 04:28:00,1.07951,1.07953,1.07951,1.07953,0.0
2025-04-02 04:29:00,1.07953,1.07953,1.0795,1.0795,0.0
2025-04-02 04:30:00,1.0795,1.07951,1.07949,1.07951,0.0
2025-04-02 04:31:00,1.07951,1.07954,1.07951,1.07954,0.0
2025-04-02 04:32:00,1.07954,1.07954,1.07949,1.07951,0.0
2025-04-02 04:33:00,1.07951,1.07953,1.0795,1.07951,0.0
2025-04-02 04:34:00,1.07951,1.07951,1.07944,1.07946,0.0
2025-04-02 04:35:00,1.07946,1.07946,1.07943,1.07943,0.0
2025-04-02 04:36:00,1.07943,1.07947,1.07943,1.07943,0.0
2025-04-02 04:37:00,1.07943,1.07943,1.07942,1.07943,0.0
2025-04-02 04:38:00,1.07943,1.0795,1.07942,1.0795,0.0
2025-04-02 04:39:00,1.07951,1.07953,1.07949,1.0795,0.0
2025-04-02 04:40:00,1.0795,1.07968,1.0795,1.07965,0.0
2025-04-02 04:41:00,1.07965,1.07965,1.07961,1.07962,0.0
2025-04-02 04:42:00,1.07962,1.07963,1.07958,1.07962,0.0
2025-04-02 04:43:00,1.07962,1.07965,1.07962,1.07964,0.0
2025-04-02 04:44:00,1.07963,1.07964,1.07957,1.07962,0.0
2025-04-02 04:45:00,1.07962,1.07966,1.07962,1.07963,0.0
2025-04-02 04:46:00,1.07963,1.07964,1.07955,1.07955,0.0
2025-04-02 04:47:00,1.07955,1.07955,1.07951,1.07952,0.0
2025-04-02 04:48:00,1.07952,1.07955,1.07952,1.07954,0.0
2025-04-02 04:49:00,1.07954,1.07955,1.07954,1.07954,0.0
2025-04-02 04:50:00,1.07954,1.07955,1.07949,1.0795,0.0
2025-04-02 04:51:00,1.0795,1.07952,1.07948,1.07948,0.0
2025-04-02 04:52:00,1.07948,1.07954,1.07947,1.07952,0.0
2025-04-02 04:53:00,1.07952,1.07952,1.07945,1.07946,0.0
2025-04-02 04:54:00,1.07946,1.07946,1.07934,1.07936,0.0
2025-04-02 04:55:00,1.07936,1.07937,1.07933,1.07936,0.0
2025-04-02 04:56:00,1.07937,1.07941,1.07937,1.07938,0.0
2025-04-02 04:57:00,1.07937,1.07939,1.07936,1.07936,0.0
2025-04-02 04:58:00,1.07936,1.07941,1.0793,1.0793,0.0
2025-04-02 04:59:00,1.07928,1.07928,1.07926,1.07928,0.0
2025-04-02 05:00:00,1.07928,1.07928,1.07918,1.07919,0.0
2025-04-02 05:01:00,1.07918,1.07918,1.0791,1.07911,0.0
2025-04-02 05:02:00,1.07909,1.07912,1.07907,1.07909,0.0
2025-04-02 05:03:00,1.07908,1.07908,1.07881,1.07881,0.0
2025-04-02 05:04:00,1.07881,1.07881,1.07868,1.0787,0.0
2025-04-02 05:05:00,1.0787,1.07886,1.0787,1.07886,0.0
2025-04-02 05:06:00,1.07886,1.07886,1.07878,1.07878,0.0
2025-04-02 05:07:00,1.07879,1.07881,1.07877,1.0788,0.0
2025-04-02 05:08:00,1.07881,1.07892,1.07881,1.07888,0.0
2025-04-02 05:09:00,1.07888,1.07891,1.07884,1.07884,0.0
2025-04-02 05:10:00,1.07884,1.07887,1.07883,1.07885,0.0
2025-04-02 05:11:00,1.07885,1.07893,1.07885,1.07892,0.0
2025-04-02 05:12:00,1.07892,1.07897,1.0789,1.07897,0.0
2025-04-02 05:13:00,1.07902,1.07904,1.07891,1.07892,0.0
2025-04-02 05:14:00,1.07892,1.07892,1.07883,1.07888,0.0
2025-04-02 05:15:00,1.07886,1.07895,1.07886,1.07895,0.0
2025-04-02 05:16:00,1.07895,1.07897,1.07888,1.07892,0.0
2025-04-02 05:17:00,1.07892,1.07892,1.07878,1.07883,0.0
2025-04-02 05:18:00,1.07883,1.07883,1.07878,1.07881,0.0
2025-04-02 05:19:00,1.07881,1.07883,1.07877,1.07882,0.0
2025-04-02 05:20:00,1.07882,1.07888,1.07881,1.07887,0.0
2025-04-02 05:21:00,1.07887,1.07892,1.07886,1.07886,0.0
2025-04-02 05:22:00,1.07887,1.07898,1.07886,1.07894,0.0
2025-04-02 05:23:00,1.07893,1.07899,1.07892,1.07892,0.0
2025-04-02 05:24:00,1.07892,1.07906,1.07892,1.07906,0.0
2025-04-02 05:25:00,1.07902,1.07902,1.07891,1.07892,0.0
2025-04-02 05:26:00,1.07893,1.07894,1.0789,1.07891,0.0
2025-04-02 05:27:00,1.07892,1.07897,1.07891,1.07891,0.0
2025-04-02 05:28:00,1.07891,1.07903,1.07891,1.07903,0.0
2025-04-02 05:29:00,1.07903,1.07912,1.07903,1.07905,0.0
2025-04-02 05:30:00,1.07904,1.07908,1.07902,1.07905,0.0
2025-04-02 05:31:00,1.07905,1.07909,1.07897,1.07907,0.0
2025-04-02 05:32:00,1.07907,1.07908,1.07902,1.07902,0.0
2025-04-02 05:33:00,1.07902,1.07903,1.07891,1.07899,0.0
2025-04-02 05:34:00,1.07899,1.07899,1.07893,1.07898,0.0
2025-04-02 05:35:00,1.07898,1.07898,1.07896,1.07897,0.0
2025-04-02 05:36:00,1.07897,1.07907,1.07897,1.079,0.0
2025-04-02 05:37:00,1.079,1.07903,1.07898,1.07898,0.0
2025-04-02 05:38:00,1.07898,1.07901,1.07896,1.07901,0.0
2025-04-02 05:39:00,1.079,1.07903,1.07898,1.07902,0.0
2025-04-02 05:40:00,1.07902,1.07902,1.07891,1.07891,0.0
2025-04-02 05:41:00,1.07892,1.07893,1.07892,1.07892,0.0
2025-04-02 05:42:00,1.07892,1.07893,1.0789,1.07893,0.0
2025-04-02 05:43:00,1.07893,1.07899,1.07885,1.07885,0.0
2025-04-02 05:44:00,1.07885,1.07889,1.07883,1.07889,0.0
2025-04-02 05:45:00,1.07888,1.0789,1.07883,1.07887,0.0
2025-04-02 05:46:00,1.07888,1.07904,1.07888,1.07904,0.0
2025-04-02 05:47:00,1.07904,1.07904,1.07893,1.07893,0.0
2025-04-02 05:48:00,1.07893,1.07899,1.07892,1.07898,0.0
2025-04-02 05:49:00,1.07898,1.07905,1.07897,1.07898,0.0
2025-04-02 05:50:00,1.07898,1.07898,1.07893,1.07894,0.0
2025-04-02 05:51:00,1.07894,1.07904,1.07892,1.07898,0.0
2025-04-02 05:52:00,1.07898,1.07898,1.07883,1.07883,0.0
2025-04-02 05:53:00,1.07883,1.07889,1.07881,1.07888,0.0
2025-04-02 05:54:00,1.07888,1.07888,1.07882,1.07883,0.0
2025-04-02 05:55:00,1.07883,1.07892,1.07877,1.07881,0.0
2025-04-02 05:56:00,1.07881,1.07885,1.07871,1.07872,0.0
2025-04-02 05:57:00,1.0787,1.07907,1.07862,1.07906,0.0
2025-04-02 05:58:00,1.07906,1.07908,1.07896,1.079,0.0
2025-04-02 05:59:00,1.07899,1.079,1.07891,1.07897,0.0
2025-04-02 06:00:00,1.07897,1.07919,1.0789,1.07918,0.0
2025-04-02 06:01:00,1.07919,1.07933,1.07916,1.07927,0.0
2025-04-02 06:02:00,1.07927,1.07927,1.07906,1.07909,0.0
2025-04-02 06:03:00,1.07909,1.07916,1.07909,1.07909,0.0
2025-04-02 06:04:00,1.07909,1.07909,1.07885,1.07886,0.0
2025-04-02 06:05:00,1.07886,1.07888,1.07878,1.0788,0.0
2025-04-02 06:06:00,1.0788,1.07896,1.07878,1.07879,0.0
2025-04-02 06:07:00,1.07879,1.07898,1.07877,1.07898,0.0
2025-04-02 06:08:00,1.07899,1.07902,1.07891,1.07896,0.0
2025-04-02 06:09:00,1.07896,1.07903,1.07886,1.07903,0.0
2025-04-02 06:10:00,1.07903,1.07904,1.07893,1.07904,0.0
2025-04-02 06:11:00,1.07904,1.07927,1.07904,1.07926,0.0
2025-04-02 06:12:00,1.07926,1.07933,1.07913,1.07913,0.0
2025-04-02 06:13:00,1.07914,1.07918,1.07909,1.07913,0.0
2025-04-02 06:14:00,1.07913,1.07926,1.07911,1.07924,0.0
2025-04-02 06:15:00,1.07924,1.07933,1.07919,1.07925,0.0
2025-04-02 06:16:00,1.07928,1.0793,1.07923,1.07929,0.0
2025-04-02 06:17:00,1.07929,1.07941,1.07926,1.0794,0.0
2025-04-02 06:18:00,1.0794,1.07965,1.0794,1.07963,0.0
2025-04-02 06:19:00,1.07964,1.07965,1.07947,1.07954,0.0
2025-04-02 06:20:00,1.07954,1.0796,1.07947,1.07951,0.0
2025-04-02 06:21:00,1.07951,1.07953,1.07927,1.07928,0.0
2025-04-02 06:22:00,1.07928,1.07935,1.07928,1.07929,0.0
2025-04-02 06:23:00,1.07928,1.07929,1.07912,1.07913,0.0
2025-04-02 06:24:00,1.07914,1.07919,1.07912,1.07918,0.0
2025-04-02 06:25:00,1.07918,1.0793,1.07918,1.07924,0.0
2025-04-02 06:26:00,1.07925,1.07934,1.07924,1.07933,0.0
2025-04-02 06:27:00,1.07934,1.07939,1.07924,1.07938,0.0
2025-04-02 06:28:00,1.07938,1.07938,1.07928,1.0793,0.0
2025-04-02 06:29:00,1.0793,1.0793,1.07912,1.07924,0.0
2025-04-02 06:30:00,1.07923,1.07938,1.07923,1.07928,0.0
2025-04-02 06:31:00,1.07928,1.07928,1.07912,1.07914,0.0
2025-04-02 06:32:00,1.07914,1.07931,1.07913,1.07928,0.0
2025-04-02 06:33:00,1.07928,1.07929,1.07923,1.07923,0.0
2025-04-02 06:34:00,1.07923,1.07928,1.07919,1.07921,0.0
2025-04-02 06:35:00,1.07921,1.07926,1.07913,1.07923,0.0
2025-04-02 06:36:00,1.07924,1.07924,1.07903,1.07903,0.0
2025-04-02 06:37:00,1.07903,1.07914,1.07887,1.07889,0.0
2025-04-02 06:38:00,1.07889,1.07908,1.07889,1.07907,0.0
2025-04-02 06:39:00,1.07907,1.07908,1.07893,1.07898,0.0
2025-04-02 06:40:00,1.07902,1.07909,1.079,1.07907,0.0
2025-04-02 06:41:00,1.07908,1.07909,1.07891,1.07893,0.0
2025-04-02 06:42:00,1.07893,1.07902,1.07889,1.07894,0.0
2025-04-02 06:43:00,1.07895,1.07898,1.07884,1.07898,0.0
2025-04-02 06:44:00,1.07898,1.07905,1.07894,1.07896,0.0
2025-04-02 06:45:00,1.07896,1.07898,1.07884,1.07889,0.0
2025-04-02 06:46:00,1.07889,1.07899,1.07886,1.07898,0.0
2025-04-02 06:47:00,1.079,1.079,1.07884,1.07889,0.0
2025-04-02 06:48:00,1.07889,1.07904,1.07887,1.07904,0.0
2025-04-02 06:49:00,1.07904,1.07909,1.07898,1.07908,0.0
2025-04-02 06:50:00,1.07908,1.07927,1.07903,1.07924,0.0
2025-04-02 06:51:00,1.07924,1.07937,1.07924,1.07936,0.0
2025-04-02 06:52:00,1.07936,1.07937,1.07921,1.07922,0.0
2025-04-02 06:53:00,1.07922,1.07922,1.07905,1.07913,0.0
2025-04-02 06:54:00,1.07912,1.07929,1.07912,1.07924,0.0
2025-04-02 06:55:00,1.07924,1.07928,1.07915,1.07921,0.0
2025-04-02 06:56:00,1.07921,1.07934,1.07921,1.07933,0.0
2025-04-02 06:57:00,1.07933,1.07945,1.07933,1.07937,0.0
2025-04-02 06:58:00,1.07937,1.07937,1.07914,1.07918,0.0
2025-04-02 06:59:00,1.07918,1.0793,1.07918,1.07928,0.0
2025-04-02 07:00:00,1.07929,1.07933,1.079,1.07933,0.0
2025-04-02 07:01:00,1.07933,1.07935,1.07927,1.07933,0.0
2025-04-02 07:02:00,1.07933,1.07948,1.07928,1.07943,0.0
2025-04-02 07:03:00,1.07943,1.07948,1.07936,1.07947,0.0
2025-04-02 07:04:00,1.07947,1.07948,1.07933,1.07939,0.0
2025-04-02 07:05:00,1.07942,1.07943,1.07919,1.07919,0.0
2025-04-02 07:06:00,1.07918,1.07924,1.07897,1.07903,0.0
2025-04-02 07:07:00,1.07912,1.07916,1.079,1.07914,0.0
2025-04-02 07:08:00,1.07916,1.07927,1.07913,1.07913,0.0
2025-04-02 07:09:00,1.07913,1.07918,1.07906,1.07912,0.0
2025-04-02 07:10:00,1.07913,1.07926,1.07907,1.0792,0.0
2025-04-02 07:11:00,1.07918,1.07918,1.07894,1.07897,0.0
2025-04-02 07:12:00,1.07897,1.07897,1.07855,1.07862,0.0
2025-04-02 07:13:00,1.07862,1.07875,1.07853,1.07853,0.0
2025-04-02 07:14:00,1.07853,1.0786,1.07832,1.07838,0.0
2025-04-02 07:15:00,1.07837,1.07838,1.07803,1.07818,0.0
2025-04-02 07:16:00,1.07817,1.07832,1.07813,1.07832,0.0
2025-04-02 07:17:00,1.07831,1.07838,1.07819,1.07823,0.0
2025-04-02 07:18:00,1.07823,1.07844,1.07823,1.07832,0.0
2025-04-02 07:19:00,1.07832,1.07843,1.07827,1.07843,0.0
2025-04-02 07:20:00,1.07844,1.07844,1.07819,1.07824,0.0
2025-04-02 07:21:00,1.07823,1.07834,1.07819,1.07833,0.0
2025-04-02 07:22:00,1.07833,1.07843,1.07823,1.07834,0.0
2025-04-02 07:23:00,1.07833,1.07842,1.07823,1.0784,0.0
2025-04-02 07:24:00,1.07842,1.07843,1.07829,1.07843,0.0
2025-04-02 07:25:00,1.07843,1.07852,1.07828,1.07829,0.0
2025-04-02 07:26:00,1.07829,1.07859,1.07825,1.07858,0.0
2025-04-02 07:27:00,1.07858,1.07862,1.07843,1.07853,0.0
2025-04-02 07:28:00,1.07853,1.07864,1.07843,1.07852,0.0
2025-04-02 07:29:00,1.07853,1.07869,1.07853,1.07868,0.0
2025-04-02 07:30:00,1.0787,1.07884,1.0787,1.07879,0.0
2025-04-02 07:31:00,1.0788,1.07888,1.07878,1.07883,0.0
2025-04-02 07:32:00,1.07882,1.07884,1.07868,1.07878,0.0
2025-04-02 07:33:00,1.07878,1.07893,1.07871,1.07888,0.0
2025-04-02 07:34:00,1.07888,1.07892,1.07877,1.07881,0.0
2025-04-02 07:35:00,1.07876,1.07876,1.07867,1.07875,0.0
2025-04-02 07:36:00,1.07876,1.07895,1.07876,1.07894,0.0
2025-04-02 07:37:00,1.07898,1.07903,1.07888,1.07891,0.0
2025-04-02 07:38:00,1.07891,1.07898,1.07882,1.07887,0.0
2025-04-02 07:39:00,1.07887,1.07893,1.07873,1.07892,0.0
2025-04-02 07:40:00,1.07893,1.07898,1.0789,1.07898,0.0
2025-04-02 07:41:00,1.07897,1.07905,1.07893,1.07899,0.0
2025-04-02 07:42:00,1.079,1.079,1.07877,1.07878,0.0
2025-04-02 07:43:00,1.07871,1.07889,1.07868,1.07889,0.0
2025-04-02 07:44:00,1.07888,1.07889,1.07865,1.07866,0.0
2025-04-02 07:45:00,1.07866,1.07867,1.07852,1.07859,0.0
2025-04-02 07:46:00,1.07861,1.07862,1.07832,1.07837,0.0
2025-04-02 07:47:00,1.07837,1.07837,1.07816,1.07816,0.0
2025-04-02 07:48:00,1.07818,1.07841,1.07818,1.0784,0.0
2025-04-02 07:49:00,1.0784,1.07848,1.0784,1.07846,0.0
